#{"t_start": 1626354427.3604953, "env_id": null}
r,l,t
-573.219153,74,4.975011
-168.729207,27,6.38889
-337.864982,41,8.747502
-256.280944,37,11.090873
-217.934948,35,13.175037
-143.585866,24,14.696662
-174.520928,26,16.277446
-241.194074,56,19.619048
-109.385558,26,21.254164
-132.31864,25,22.757589
10.743768,30,24.582803
-137.492924,30,26.395209
-133.516965,33,28.408309
29.147477,33,30.452258
-16.925985,28,32.21433
71.793681,40,34.662538
42.994717,24,36.136063
-214.273958,37,38.409292
-139.332066,29,40.244976
-12.582919,20,41.51134
-143.240514,33,43.658519
-148.715172,38,45.969925
-143.803465,26,47.700778
-121.110067,40,50.243131
-109.846528,41,52.70646
-212.172284,58,56.13418
-113.611621,27,57.828839
-312.978827,50,60.912267
-206.454671,43,63.615384
-217.43345,43,66.13207
-129.680383,44,68.890366
-72.126359,43,71.47845
-176.291958,46,74.158732
-172.328344,38,76.364352
-71.776705,32,78.2866
-144.470208,46,80.99536
-101.031846,39,83.401877
47.359574,31,85.307495
-245.63454,45,88.033103
-81.37995,33,90.069248
-371.150522,57,93.373459
-466.620052,88,98.298576
-81.246114,28,100.042216
-59.861094,71,103.988603
122.532996,36,106.223677
-40.222099,45,108.916569
-108.015084,34,111.083727
20.180359,32,113.141319
-309.782985,49,115.981607
-23.249481,31,117.853422
-10.797921,26,119.524081
-53.461476,26,121.161217
-57.807649,43,123.854755
-26.55483,39,126.208866
-305.816593,65,130.062234
-180.794248,54,133.264503
-34.754599,45,136.033166
219.354147,54,139.259563
14.632277,34,141.364746
-184.536768,49,144.30722
-128.489313,34,146.333363
-143.963711,40,148.753733
40.10881,33,150.833148
-159.906338,44,153.397178
-120.471606,27,155.054089
-164.857234,68,159.243658
206.845311,55,162.404135
-164.240752,38,164.687232
-142.395258,48,167.536444
-160.134415,38,169.794035
-166.000918,65,173.765426
-174.040385,121,180.566841
-242.201482,92,185.85329
-291.831178,53,188.915507
-234.629327,72,193.336823
-470.132498,91,198.443557
-206.229724,52,201.464056
-88.119833,51,204.616533
-122.72046,38,206.886865
13.044628,55,210.344568
276.506478,73,214.786804
29.672099,42,217.356297
-138.713298,53,220.40067
-194.819297,52,223.482319
-30.232859,72,227.776551
97.394805,60,231.384762
-50.115219,42,233.927344
-63.829857,48,236.834875
144.455696,63,240.459083
-113.902986,145,248.651818
-67.29107,115,255.66397
-330.700743,86,260.708332
272.455065,76,265.341179
-127.700077,73,269.618421
52.543055,83,274.712194
36.684512,46,277.503129
108.442788,112,284.165618
-209.888967,74,288.533298
316.223783,75,293.008929
117.41036,67,297.224167
153.331766,59,300.73129
-153.400326,91,306.202711
-66.260769,52,309.305108
278.085902,58,312.87994
338.040562,90,318.072975
83.458358,55,321.388741
-1.173927,52,324.522819
160.600695,59,328.010921
24.810777,45,330.794622
190.594793,68,334.883469
150.797176,54,338.064431
-70.02718,37,340.346879
254.905055,61,344.019391
-5.245608,91,349.566294
-34.996524,91,354.806284
272.170755,94,360.184317
-46.612407,46,362.936219
2.974282,93,368.402578
103.563738,65,372.171413
-139.045587,77,376.740281
-305.741137,106,383.134417
-136.363979,78,388.10008
154.258681,116,394.915764
-62.326181,46,397.672634
-110.821055,52,400.767663
-334.755272,114,407.452262
81.39868,120,414.614963
-7.588148,82,419.359812
-1633.461564,280,435.969736
-11.728455,69,440.08357
-133.231005,159,449.417429
104.345782,60,453.009403
235.529543,106,459.229411
163.364729,75,463.851806
200.52878,63,467.539388
-9.878648,98,473.312376
-75.787536,108,479.845921
-2.156317,130,487.581733
670.234381,83,492.580744
-152.486636,83,497.418705
-13.30027,72,501.629117
133.65488,61,505.419497
133.163096,159,514.921357
166.548152,84,520.001554
188.798177,62,523.817119
84.831653,56,527.295931
193.976732,53,530.471882
95.561971,101,536.719391
618.306618,110,543.529876
266.909163,114,550.608812
184.368939,73,555.103968
-71.639204,51,558.230256
185.71776,86,563.462101
118.634575,49,566.488017
342.4225,77,571.129399
-105.423075,46,574.072015
58.093792,137,582.92582
132.640956,114,589.86899
7.236022,139,598.830392
258.413366,112,605.953739
150.059967,82,610.943736
197.961699,84,616.175089
386.213125,110,622.928316
654.015894,101,628.89758
242.481554,106,635.550082
627.910891,100,641.664392
446.49969,181,652.548595
594.483397,109,658.928831
170.147573,88,664.358719
398.356865,123,671.854475
596.655788,101,677.957246
106.822284,109,684.521774
-206.755579,112,690.991681
172.612811,82,695.959102
1111.333462,158,705.483145
145.711831,82,710.32791
-136.57918,49,713.120986
239.381753,120,720.55436
-294.163365,162,730.280764
-25.921316,108,736.749933
169.012258,122,743.933172
467.236225,178,754.689164
-5.277012,82,759.502178
20.227583,65,763.540673
366.089802,90,768.884327
496.022941,99,774.801713
80.631645,44,777.5366
1137.760194,207,789.927526
1078.321587,168,799.807399
162.685953,130,807.490475
76.702521,52,810.67123
-145.274269,163,820.577515
207.77854,120,827.730853
643.343098,242,842.488793
135.929388,69,846.772231
246.525931,241,861.044961
149.223628,176,871.619251
0.315102,185,882.629028
623.766026,178,893.451565
1816.248975,309,912.468582
597.655138,278,928.813407
-238.068919,137,936.611504
100.23134,192,948.09587
187.441796,157,957.085261
1139.625685,163,966.811381
294.100251,249,981.245983
485.575445,213,994.261439
411.360847,152,1003.374526
121.003733,134,1011.515021
-90.783698,32,1013.589201
565.155243,178,1024.334932
584.939194,217,1037.17836
393.846216,153,1046.484215
-130.292196,48,1049.111372
637.621078,164,1058.623406
125.162296,70,1062.994803
-216.298499,46,1065.893082
-100.451812,183,1077.391749
320.550984,86,1082.767437
160.354325,75,1087.430061
1095.423138,348,1108.224659
426.09148,182,1119.134985
785.652277,120,1126.379174
178.207179,96,1132.099374
1262.803392,205,1145.237864
666.875574,148,1154.027394
391.760014,138,1162.28242
99.127845,85,1167.404404
1006.742726,148,1176.321492
-137.589143,34,1178.468969
1077.062434,144,1187.223983
228.931823,90,1192.740493
65.937992,114,1199.601775
196.250485,106,1206.163719
100.71244,83,1211.180107
378.377482,114,1218.191642
798.338656,108,1224.919009
1218.209523,248,1239.861148
602.412825,215,1252.674144
-28.40294,110,1259.314378
678.389858,176,1269.802156
197.070673,102,1276.31016
1879.533737,209,1289.226204
61.500969,113,1295.966111
315.117741,142,1304.410549
1134.147708,214,1317.066887
325.718428,151,1326.297763
125.670207,83,1331.501259
214.327208,90,1337.079794
1068.63619,217,1350.270578
1127.191054,418,1375.509899
89.036358,92,1380.985083
230.674515,142,1389.506668
1049.693101,324,1409.099963
116.609413,139,1417.769246
1203.303116,245,1432.666114
440.183578,139,1441.109267
1398.912111,224,1454.467099
413.436433,150,1463.607588
138.884042,90,1469.311477
299.362278,135,1477.431533
525.484147,220,1490.83646
1710.024271,250,1505.853924
516.268808,181,1516.759677
38.719917,100,1522.832804
803.947029,225,1536.11532
62.231999,145,1544.823694
131.586569,167,1554.714962
491.007193,143,1563.195786
698.945711,155,1572.642529
755.610256,215,1585.996008
387.752979,115,1593.232554
801.838331,205,1605.786165
907.409395,114,1612.662774
254.748536,182,1623.718484
129.490215,125,1631.035102
657.207687,137,1639.244984
763.798521,153,1648.572133
916.413146,334,1669.565179
429.721327,165,1679.383937
1464.682959,221,1692.383803
1146.670872,292,1710.458694
640.562271,221,1723.995789
281.984492,150,1733.248435
1175.781787,213,1746.375716
342.735332,101,1752.534676
366.062049,360,1774.139636
211.181154,102,1780.443864
507.415013,125,1787.917747
490.354882,110,1794.694938
89.760791,77,1799.570717
1249.143843,282,1817.491967
426.399707,170,1827.744464
2034.625649,379,1850.346229
1232.987681,210,1863.404819
1553.935676,245,1878.261216
1841.025243,276,1895.095953
71.230021,82,1900.342802
366.982295,187,1911.947409
126.093061,83,1917.179231
163.258137,127,1925.177952
416.358667,164,1935.197714
-32.294024,144,1943.785577
2323.491756,357,1964.771778
783.6711,165,1975.386243
1346.379219,207,1988.154931
187.75202,104,1994.491327
2569.964117,475,2023.296704
205.934995,114,2030.595115
-141.140602,46,2033.487178
465.538108,111,2040.545541
592.880058,110,2047.316762
-54.913856,22,2048.73912
406.010415,194,2060.296017
-177.225393,56,2063.772225
-17.508806,120,2071.360218
190.189226,99,2077.260079
683.654446,144,2086.280469
651.086949,226,2099.951074
709.349461,296,2117.574883
585.968151,188,2128.594932
70.048096,120,2136.255365
20.541409,84,2141.052344
1364.495418,230,2155.218854
535.014841,218,2167.907389
-55.546959,39,2170.317331
-56.655373,89,2175.345096
255.502224,249,2190.289929
1623.984661,362,2212.323649
708.902181,152,2221.35204
943.792708,281,2238.411084
530.694881,216,2251.322827
1040.444847,162,2261.318547
155.675653,64,2265.283197
101.360327,119,2272.321453
401.22987,146,2281.196713
1873.082038,284,2298.44058
1694.328786,288,2315.937774
-447.924585,86,2321.493823
-303.906444,84,2326.486211
267.466544,110,2333.390333
-118.620793,35,2335.516433
487.322442,162,2345.442433
604.156767,174,2356.087331
644.759474,179,2366.855622
1021.70715,284,2383.600515
2289.106517,516,2414.9767
1714.866256,353,2437.566757
1412.359306,316,2456.89378
-70.536745,59,2460.468534
1725.18999,413,2486.04018
-363.837395,78,2490.768095
1672.299916,401,2515.478878
1420.564614,203,2528.463413
557.184345,182,2539.603288
1625.533432,308,2558.663882
1710.775933,430,2584.765939
414.688105,146,2593.619966
308.154865,129,2601.376405
273.085747,164,2611.422092
-70.013891,65,2615.354865
982.808641,173,2625.556709
178.309219,329,2644.576117
467.158748,171,2655.0676
933.61751,259,2671.350924
455.418263,183,2682.46545
1693.859529,264,2698.013484
-55.127679,91,2703.27309
1356.735126,457,2730.763496
1257.447508,317,2749.986878
1061.090803,316,2769.141757
318.221449,174,2779.594728
291.20103,232,2793.915897
778.925168,257,2809.520592
2438.032827,419,2834.845395
1668.203593,286,2852.204647
420.935058,167,2862.492516
2037.592069,329,2882.669543
102.351263,114,2889.683392
1615.479353,310,2908.768151
1508.612451,216,2921.874993
1727.877397,330,2941.616082
-54.724509,69,2945.768266
792.726275,203,2958.28817
513.931999,230,2972.431368
1000.770195,281,2989.87018
376.755568,115,2997.074404
265.563401,212,3009.678963
1138.926816,261,3025.703997
-81.101646,278,3042.255431
1347.343174,345,3063.155002
453.925412,107,3069.863665
157.722447,316,3088.102127
557.484696,226,3101.411425
244.095476,234,3115.28563
696.111053,248,3130.532836
2290.977822,329,3150.701361
1222.898285,349,3171.325317
-30.901968,41,3174.023136
971.895418,240,3188.871813
1119.269332,472,3217.234495
227.230535,222,3230.517424
919.897119,174,3240.798531
169.273015,111,3247.266497
1703.835937,356,3268.275872
258.245309,100,3274.548343
816.196705,199,3286.844167
1202.156346,214,3299.909738
266.456936,176,3310.486037
408.208678,98,3316.674788
1450.014291,344,3337.700298
938.571495,253,3352.94103
77.91264,66,3357.0839
703.951967,525,3388.619658
2598.351791,573,3422.899674
-283.063517,203,3434.78849
61.565437,45,3437.675335
220.283068,117,3445.018841
-53.073232,273,3462.364018
221.548805,125,3469.873535
-160.966909,335,3490.065648
1874.063248,402,3514.866998
282.9065,110,3521.7852
1232.749385,204,3534.184775
1914.065194,504,3564.226982
3665.438834,626,3601.717468
2705.661449,404,3626.351416
737.792686,239,3640.891618
1358.896985,397,3665.297498
1323.484012,386,3688.765204
1569.905792,441,3715.560649
1149.051399,261,3731.494517
2195.041874,462,3759.167775
956.609663,245,3774.023767
1108.668611,171,3784.697719
1240.399806,244,3799.599464
32.726196,80,3804.385146
228.862473,111,3811.218609
1256.634367,269,3827.593383
2675.950109,405,3852.677183
1272.162025,208,3865.681572
1970.438613,281,3882.339073
2040.742113,424,3907.910296
1222.978175,210,3920.719374
1657.896329,202,3933.32991
1016.148335,251,3948.743038
2177.297866,404,3973.807751
2623.58637,509,4004.632793
511.61136,194,4016.277076
2375.075789,276,4032.952078
1301.535947,234,4046.93294
-83.368494,44,4049.678127
956.28988,176,4060.330044
2489.992457,367,4082.802236
1392.288574,268,4099.394297
773.483339,233,4114.023372
2036.912007,379,4136.903483
2015.668049,219,4150.404502
581.201761,149,4159.425404
122.634826,79,4164.431653
2783.421395,339,4184.848801
-127.774921,34,4186.992265
641.749428,156,4196.698247
3627.129294,501,4227.056271
1014.076884,302,4245.702368
395.631257,222,4260.771709
-197.241211,38,4262.998554
-65.12344,47,4265.95924
191.477936,91,4271.48644
990.773208,267,4287.552732
1087.341113,194,4299.143957
706.666084,175,4309.634139
470.728464,408,4335.293559
1109.353815,214,4348.37139
-410.156359,203,4360.60091
217.239877,98,4366.72766
2701.057233,288,4384.069723
169.18778,64,4388.094567
894.438543,248,4402.883467
183.278689,151,4412.138575
548.761043,193,4424.086262
1996.521157,245,4438.987928
96.140739,80,4443.96793
460.519043,113,4450.6126
359.476267,291,4468.108452
707.482644,158,4477.390372
207.361151,110,4484.278869
-165.169499,69,4488.309656
1818.556426,369,4510.47383
-214.924825,166,4520.066572
676.200545,283,4537.12894
1624.884804,349,4558.195877
813.631535,200,4570.583434
1380.726429,336,4591.539362
970.563917,252,4606.911556
889.543407,223,4620.64737
668.75962,148,4629.456159
1788.886981,309,4647.980698
1462.077417,400,4671.840947
1193.28274,268,4687.909841
2708.848226,443,4714.008865
122.331335,106,4720.375135
556.811247,137,4728.742929
120.990228,167,4739.039162
221.754091,346,4759.738609
1018.656279,308,4778.324023
1263.03385,291,4795.970194
476.271236,132,4803.80648
1960.186864,449,4830.919467
252.678521,144,4839.621863
1889.077233,399,4863.510304
1093.690916,407,4888.450727
750.426104,236,4902.488682
2638.998099,377,4925.282683
1743.046862,399,4949.750047
4987.298268,870,5001.678046
2021.053478,517,5032.555473
238.182786,275,5048.980475
2893.043801,503,5079.135582
2008.307047,310,5097.908367
1193.116481,573,5131.885398
956.497698,461,5160.576241
169.619976,231,5175.236289
626.439132,336,5195.55092
97.299645,116,5202.870971
772.068738,217,5216.18569
1956.825281,359,5237.954493
944.829777,227,5252.149573
3488.407197,479,5281.034747
190.865279,187,5292.533316
395.525674,204,5304.871041
1658.512679,536,5338.27012
3055.03336,606,5374.561633
1295.185734,344,5395.266333
803.903322,284,5411.838869
735.374166,336,5432.18603
292.529891,122,5439.879518
319.264328,301,5458.00614
1454.958897,715,5500.042913
80.231465,381,5523.06578
3082.688943,750,5567.450205
3196.281988,612,5604.996602
786.507843,324,5624.744031
1181.490399,354,5646.548692
2186.327397,374,5669.604678
1718.759718,413,5694.557878
3760.596087,764,5740.64409
1076.390999,639,5779.514728
1670.147494,446,5807.302405
592.381032,289,5824.550807
1234.096995,293,5842.148679
1709.71488,546,5875.558457
2123.273099,419,5901.036998
3172.449971,766,5947.564755
533.342968,240,5962.173203
1889.734912,356,5983.229422
1542.855861,456,6011.052901
5730.96576,1198,6081.882792
1783.079343,312,6100.94028
1579.130345,243,6115.807196
1420.572085,375,6138.398224
79.817975,190,6149.865286
334.018131,355,6171.402628
2231.162964,496,6200.94056
524.086038,196,6212.926032
5450.284416,958,6270.188233
672.915972,502,6300.429632
-47.345388,125,6308.270749
2324.751055,515,6339.337316
1592.083699,303,6357.405956
659.333602,245,6371.8973
855.606495,214,6385.056401
31.509553,37,6387.519295
1031.97909,234,6401.918575
3166.975145,613,6439.287376
862.802273,229,6453.440296
424.715112,264,6469.689923
2855.511368,865,6521.391158
308.597464,220,6535.368073
1499.033578,432,6561.25607
1169.567112,317,6580.312933
1187.300675,236,6594.420288
1197.79509,306,6613.252437
614.902965,634,6650.923262
818.14878,240,6665.21154
3237.418802,730,6709.141366
1002.591549,255,6724.664783
2317.769702,430,6750.546667
1872.651468,314,6770.065098
173.700719,366,6791.372243
1340.508519,349,6812.567505
3226.758786,661,6851.725871
-656.464525,471,6880.831949
2406.2303,635,6918.239344
667.890561,581,6953.151115
311.300154,193,6965.138225
2032.228684,818,7013.936187
672.039468,286,7031.322804
426.603066,257,7046.710595
1626.783571,417,7071.877267
2922.555441,619,7109.014616
-77.259962,76,7114.022653
-1229.173762,472,7144.523327
2639.935134,410,7169.403449
2039.423875,267,7185.745735
6136.464301,1198,7257.713426
1649.562916,418,7283.615835
1917.595009,474,7312.213814
945.834156,231,7326.142697
833.58487,336,7346.658791
2152.575596,450,7373.528976
4089.672516,670,7413.322258
335.58722,203,7426.939042
-347.85813,364,7449.486678
1046.393914,356,7471.093707
808.857167,244,7485.760812
1183.092414,343,7506.573273
272.634295,255,7522.368355
1866.943078,649,7560.945693
5152.556828,733,7605.603289
1767.538235,440,7631.941534
1897.164886,593,7667.331553
3381.672036,754,7712.986064
-158.056397,89,7718.81207
54.06753,64,7722.759632
-26.460716,98,7728.59856
2246.400019,284,7746.092172
3661.612437,705,7787.858076
1902.483612,400,7812.420356
1344.964007,521,7843.962888
2807.750405,613,7880.36588
313.970032,186,7891.814939
1120.951519,338,7912.320841
2429.212389,612,7949.341247
3601.153692,1038,8010.866487
654.342782,139,8019.836622
1994.941859,513,8050.398031
1175.168221,221,8063.540896
-178.344733,120,8070.773979
1606.298832,423,8096.769185
626.273361,288,8113.84358
-533.423328,345,8134.735349
2793.607635,556,8168.083203
4136.199578,718,8211.210054
2447.577485,727,8254.524858
3586.090825,919,8309.398631
74.739428,98,8315.558809
2682.909817,671,8355.398192
5466.599337,984,8414.565681
2197.406367,614,8450.698754
1486.572981,209,8463.626264
-550.52505,247,8478.631412
236.342282,475,8507.275361
674.817173,178,8517.911959
2400.058854,739,8561.736463
1860.618209,462,8589.295341
197.743697,326,8610.001817
1708.427564,547,8643.324981
1923.981088,576,8677.30443
3177.825025,845,8727.810202
3119.981032,904,8782.671553
1469.570773,294,8800.776296
917.13038,195,8812.683759
348.772449,121,8820.422153
828.64611,598,8855.713781
4164.886809,688,8897.651742
1221.575665,405,8922.08362
1096.844001,413,8946.738767
689.095438,304,8965.253137
1127.513193,606,9001.683494
1231.905166,1086,9065.937327
1463.988775,261,9082.154199
65.200493,97,9088.557337
2060.588044,425,9114.744177
1859.399212,493,9144.267867
1381.324829,267,9160.522366
554.316978,204,9173.043887
2015.64928,500,9203.520793
2938.497254,610,9240.742553
1729.53637,328,9261.133759
5397.387765,946,9318.283789
273.755832,179,9329.144952
2721.838685,747,9373.952473
3588.939985,815,9423.929328
2792.51904,684,9464.442554
1232.844357,270,9481.230619
1851.803673,479,9510.319677
201.32133,137,9518.849542
551.230365,254,9534.519494
1985.716041,670,9574.473789
573.303471,196,9586.229831
5599.719722,855,9636.876572
2135.030573,714,9678.779331
1705.799955,341,9699.04921
3962.076553,946,9759.37586
2618.207306,1011,9820.434928
4360.923225,816,9869.61485
4552.877118,613,9906.810851
504.167015,153,9916.135211
2903.201437,541,9949.04636
1865.707276,534,9980.904457
2078.124283,356,10002.244887
1058.637118,197,10014.124833
972.67711,155,10023.686047
1277.14123,526,10055.300085
2777.962833,695,10097.587126
4754.60039,1198,10169.857509
4337.690601,729,10212.62122
3282.855213,589,10248.564785
10.299924,316,10269.141268
4144.25507,650,10308.13519
3859.135684,828,10358.417591
6246.620372,1198,10429.968741
3453.194587,835,10480.489712
1929.356112,422,10505.857203
2348.721312,484,10535.061875
4101.184357,676,10575.068895
1448.309188,292,10592.552656
2071.733781,879,10646.097187
3237.471914,725,10689.548674
101.115637,185,10701.132175
1251.692237,302,10719.077977
3077.677909,477,10747.5954
5352.4351,924,10802.632887
6242.983871,1198,10873.954669
1820.462759,424,10899.483663
1331.542553,293,10917.389222
1176.56649,522,10948.332233
4136.26585,982,11007.840725
1380.895172,416,11032.765659
5609.784765,1198,11104.46148
706.958958,284,11122.264875
368.336955,451,11148.926463
3595.645665,808,11196.921377
6112.053024,1198,11269.438777
2169.525585,390,11293.181875
3377.499348,520,11324.088403
2648.815375,632,11362.401983
1211.580318,248,11377.573705
5289.156254,1098,11443.351661
-28.405916,123,11450.876323
1550.562172,951,11508.249499
3294.162281,843,11559.797418
424.791744,258,11575.757124
5309.978038,1198,11649.003469
-721.06693,459,11676.955544
3201.116201,1198,11752.223165
5141.7373,1198,11826.164055
2495.9563,502,11857.648749
2732.875127,661,11898.55512
6818.090327,1198,11971.026963
1691.494617,1198,12043.426073
3636.535727,635,12081.866156
5523.565256,1198,12153.885376
4838.080496,916,12209.652143
4384.38706,540,12241.440741
5642.425178,837,12292.188792
2595.657448,775,12338.50249
4030.438432,806,12387.397684
2189.938469,472,12415.774066
4808.067153,874,12468.386635
957.618377,182,12479.888838
3623.285374,495,12510.194955
5507.094201,950,12567.424824
9390.686557,1198,12639.173122
3544.908799,660,12679.659217
5949.277458,1151,12749.401964
3425.703836,709,12793.063958
3215.14551,513,12824.104205
6015.418026,1006,12884.868424
4393.768113,865,12938.896617
1345.970768,619,12976.092221
7455.273313,1198,13048.45205
7690.530736,1198,13121.480072
-112.492213,165,13132.013168
4368.00954,1198,13206.162171
6628.485719,1198,13279.439837
-43.926936,66,13283.679621
7395.914793,1198,13356.149137
1439.119396,391,13379.902941
3305.086701,613,13417.00291
7281.052679,1198,13489.936499
4390.848465,647,13528.79558
6155.106884,1198,13600.890576
2685.600653,612,13639.032282
7138.945286,1198,13711.458454
7109.023684,1198,13784.916225
7403.689397,1198,13858.177287
5960.801549,1198,13930.20148
3201.540043,993,13992.99455
8714.161442,1127,14061.585032
6967.95251,1198,14133.203075
5815.394263,1023,14195.006789
8363.818457,1198,14267.250873
7653.919159,1198,14341.116923
2195.647496,427,14368.16792
7165.956548,1198,14442.638326
3123.680385,829,14493.412594
8886.450555,1188,14565.481299
5966.11853,1198,14640.430693
889.802636,470,14668.851263
3474.482783,547,14701.056672
4290.716932,675,14742.484812
3765.233155,806,14791.334923
8703.114156,1198,14864.269081
3644.585574,687,14905.671672
1736.711965,507,14936.795807
723.066116,150,14946.090317
7102.886968,1198,15017.818922
6133.600007,1198,15090.256677
5456.107684,714,15134.425719
4184.389098,725,15177.455113
3814.599838,581,15212.329392
7208.635827,1198,15286.364608
-1047.064634,325,15305.026568
8884.089443,1198,15378.377298
4248.452389,881,15431.586587
1420.130064,208,15444.235209
6201.643959,1198,15517.819488
4846.184529,801,15566.825523
844.52057,287,15584.420836
7988.71047,1198,15657.744164
1304.114873,908,15712.428125
7269.950735,1198,15786.32171
549.264725,247,15802.140067
4617.659682,996,15862.204474
7362.498417,1198,15934.793333
6078.291685,1198,16007.525441
7387.481319,1198,16080.925029
6504.738535,1198,16154.581616
7156.956361,1198,16227.879272
738.119088,150,16237.464479
1104.733153,326,16257.273492
7078.401828,1198,16330.616011
1234.721312,452,16357.630785
3799.962874,665,16397.663224
3790.165477,834,16449.188101
8806.434545,1198,16522.765628
6833.482713,1108,16589.753735
6409.114373,1198,16662.945785
8284.707786,1198,16735.121033
5352.898245,809,16785.152145
6686.647271,1198,16857.668891
8325.832299,1198,16930.061283
9376.824732,1198,17003.731855
7994.940644,1198,17076.930922
6304.563081,1198,17150.00112
4913.121582,765,17196.888172
8659.502524,1198,17269.441727
5436.946504,1198,17344.233335
3328.327928,657,17386.876814
1615.738195,492,17420.859721
4043.596154,823,17470.511597
8128.957665,1198,17543.924811
6022.092506,788,17591.452498
8788.009417,1198,17665.226396
988.401239,362,17688.519431
2982.771381,466,17717.946463
2848.071947,491,17747.811468
895.225899,549,17782.078889
1840.794268,382,17805.788146
5677.015011,1198,17877.657906
8715.576666,1198,17950.213852
1988.26531,756,17996.388066
3176.42565,644,18036.390708
606.774379,206,18048.909014
187.980206,125,18056.625836
8202.81028,1198,18128.818864
369.129521,303,18151.444155
8462.097993,1198,18224.303944
7544.977516,1198,18296.805413
5517.677574,1198,18371.221782
9329.933799,1198,18443.219444
5506.608716,794,18492.009179
6441.045496,1198,18565.688253
7723.26569,1198,18639.620245
7546.932706,1198,18714.09715
2284.124249,888,18767.987689
8253.762577,1198,18839.641946
8661.339272,1198,18912.700608
8535.101382,1198,18987.02351
7841.999604,1198,19060.091979
1894.146865,359,19083.328819
4002.832959,865,19137.06133
3090.887435,425,19162.659993
7549.861349,1198,19235.528264
1533.75041,325,19255.629565
8751.473992,1198,19328.216982
5979.78417,1198,19401.881134
1553.008432,424,19427.711947
4767.050965,793,19476.20083
4299.709846,804,19525.085702
8395.736438,1198,19597.202998
1794.556491,326,19617.243139
549.79255,169,19627.400026
6884.224942,1198,19701.187871
4119.931333,820,19750.455349
2988.573561,456,19777.779285
1134.71647,218,19791.016344
6782.52768,981,19850.354952
2455.876168,607,19888.145857
7281.501335,1198,19960.445365
1603.622348,706,20003.100533
653.668554,135,20011.894611
2704.205485,705,20057.054569
4290.416826,702,20099.343701
472.685709,399,20123.192122
7151.182028,1073,20187.894882
7365.383165,1198,20261.467899
2452.20404,606,20299.400726
4568.137859,887,20353.514512
6846.598948,1198,20427.765372
6521.393848,1113,20494.376679
3203.525764,778,20541.535566
1170.318763,388,20566.167463
5575.917794,1198,20637.722518
985.842939,413,20663.819577
8276.188349,1198,20737.506499
4213.841665,1004,20798.97939
4108.943185,875,20851.607719
8919.81517,1198,20925.332367
7774.581055,1198,20997.802357
6271.460922,1105,21064.900516
6438.470871,1198,21137.319766
2638.147016,482,21167.067242
7710.854353,1198,21239.239685
3367.607158,726,21282.818468
8094.857793,1198,21356.382352
7371.806915,1198,21429.9355
4530.350656,1198,21502.667612
4831.783157,819,21552.788374
4909.513059,876,21607.009826
2923.139141,543,21639.933606
9149.031307,1198,21712.429959
8833.310807,1198,21787.206763
1575.892261,350,21807.656858
7353.544452,1198,21880.65942
7516.73704,1198,21953.545377
7608.85573,1198,22026.199306
4102.458084,975,22086.200255
2297.857108,1198,22158.456654
7060.563726,1198,22231.651543
8434.842363,1198,22304.121945
7911.921439,1198,22376.530969
3982.184258,1198,22449.36053
841.442176,347,22471.722311
8423.72412,1198,22544.137834
1091.624122,570,22577.390357
8495.46654,1198,22650.190864
7077.788187,1198,22723.884762
3895.848684,786,22771.805279
616.710636,310,22791.253965
841.067352,360,22813.365388
1603.5,436,22840.332948
5676.492093,893,22895.1456
7321.294017,1192,22967.045612
6996.793369,1198,23039.540035
8025.904285,1198,23114.670964
6455.473519,1184,23187.060982
2802.416611,711,23230.817891
8042.093241,1198,23304.405308
7882.505149,1198,23377.589668
7537.257368,1198,23451.692315
814.204554,155,23461.314198
2274.989069,274,23478.434256
9614.813973,1198,23551.586376
3400.549375,547,23585.015104
1364.917291,283,23602.540611
7212.645513,1198,23676.316284
4715.722719,1037,23740.059041
6003.254535,1037,23802.673154
1021.853314,245,23817.515973
5107.966656,1198,23888.649332
6127.157979,1198,23960.73806
6281.727723,964,24019.294291
905.467789,242,24034.637883
7844.264287,1198,24107.130536
6085.201721,1090,24173.696039
283.343792,119,24181.269437
797.9406,149,24190.403126
7620.594493,1198,24263.287362
9780.547554,1198,24337.370265
8440.341589,1198,24410.248284
655.642624,226,24424.214105
7778.805009,1198,24497.035275
2912.997309,471,24526.278752
1483.129844,474,24554.348061
9214.648667,1198,24628.852256
7283.113689,1198,24702.173848
8888.127677,1198,24775.334647
7439.884705,1198,24848.691016
3838.995693,647,24887.321019
9924.938141,1198,24960.783874
-377.405846,408,24985.465825
8782.865622,1198,25058.348232
9136.057387,1198,25132.717037
7748.576051,1198,25205.811476
7258.95004,1198,25279.222107
8130.878101,1198,25352.888909
584.61024,351,25374.768098
9482.379783,1198,25448.018622
8102.906035,1198,25520.468572
9126.646138,1198,25594.769146
7329.216547,1198,25667.057962
7157.486826,1137,25736.017393
9035.011239,1198,25808.927709
3622.339286,576,25843.310279
495.429626,207,25855.920846
2720.757681,714,25901.498393
7015.560179,1013,25963.597066
9190.829949,1198,26036.832864
8067.944892,1198,26110.11028
5069.544927,794,26158.796039
8628.985009,1198,26232.01361
8539.653387,1198,26304.188918
8619.795914,1198,26377.197689
7126.347311,1198,26451.592454
3610.818138,794,26499.754278
2028.619104,618,26537.1528
10274.482388,1198,26611.063711
7918.889186,1198,26683.422621
9917.41969,1198,26757.324118
2310.332276,459,26786.742164
2848.908927,462,26815.25399
6191.338782,1198,26888.526693
9991.163553,1198,26961.747407
3681.409787,431,26987.694564
9640.085539,1198,27059.452877
9299.203429,1198,27133.909796
340.382451,167,27144.356023
505.451503,123,27152.182223
9145.942883,1198,27224.74485
8128.097057,1198,27297.430809
9358.765672,1198,27369.698303
8986.340633,1198,27442.591897
8469.876268,1198,27516.353885
8086.020592,1198,27588.363127
8527.33977,1198,27662.222074
4310.840967,854,27713.750885
744.588617,145,27723.338071
8813.289599,1198,27796.312719
1777.571456,310,27815.796925
7885.222299,1198,27888.08858
8124.057593,1198,27960.589551
7296.100088,1198,28034.568039
2613.098049,483,28063.178079
9777.987757,1198,28134.731688
518.76373,216,28148.636036
6908.163097,1198,28221.301045
2819.391707,587,28257.237457
10021.497608,1198,28330.064695
8964.354253,1198,28403.88273
5255.274774,813,28452.724217
10056.247614,1198,28525.089964
2030.97701,738,28570.484604
8223.373865,1198,28644.021515
8084.335363,1198,28717.384406
8977.828188,1198,28792.065314
10096.412801,1198,28865.271442
7950.049601,1198,28939.875025
7667.439167,1017,29002.732654
10207.416592,1198,29075.29382
9232.071732,1198,29148.118088
8510.605689,1198,29221.455325
9686.938816,1198,29295.344882
173.571908,207,29307.831347
2184.425851,388,29331.975632
7035.09893,1058,29397.955526
7404.632906,1198,29470.335849
7308.88998,1011,29532.891706
9590.813015,1198,29605.573403
8290.301729,1198,29679.545209
9778.584548,1198,29752.960111
10482.663455,1198,29827.337866
5853.173841,1198,29900.648589
8999.320082,1198,29974.609757
8229.849088,1198,30048.585216
10159.203353,1198,30120.755265
523.011606,157,30130.191783
7661.034034,977,30190.727419
7847.422478,1198,30268.655348
1875.95562,457,30296.357634
466.587156,201,30308.230541
8834.911586,1198,30380.897349
9211.238574,1198,30453.810609
9623.956451,1198,30525.566393
6798.063608,1198,30598.792775
8188.248394,1198,30672.072638
10844.902417,1198,30743.446362
4318.977545,632,30782.562859
9203.909846,1198,30857.001959
8284.261489,1198,30930.067383
969.569531,239,30944.897341
2768.110639,550,30979.173285
6615.418662,1198,31056.141889
8049.805258,1198,31127.986263
9624.800013,1198,31199.74439
9121.755795,1198,31272.31942
10948.256327,1198,31345.918327
6034.840091,888,31400.419925
6875.785759,944,31457.718542
3381.524686,756,31504.044369
9476.23303,1198,31577.956388
8712.550354,1198,31650.832841
9406.28249,1198,31724.547223
9440.905929,1198,31797.509658
2084.473836,268,31813.535191
8612.31858,1198,31886.133193
9657.27423,1198,31959.239761
8201.016017,1198,32032.323306
9339.129523,1198,32105.727286
708.078821,1185,32186.845055
4869.926854,984,32247.780443
8928.564691,1198,32321.244258
9429.727998,1198,32393.440846
10018.524057,1198,32466.304987
7016.908778,1198,32540.049121
9805.419674,1198,32612.898945
10706.246603,1198,32686.015284
8203.526108,1198,32759.381793
8710.273123,1198,32832.313701
6571.715167,929,32889.695341
8321.601062,1198,32962.403975
2871.308872,671,33003.386737
9702.844407,1198,33074.997501
6845.129978,927,33130.269424
8927.948697,1198,33204.620269
10976.515035,1198,33277.930452
1110.97849,1110,33344.706714
6973.685716,1198,33416.976157
8829.988686,1198,33489.564071
601.494789,316,33508.722329
10804.894344,1198,33581.704164
10608.422604,1198,33654.46756
9676.526833,1198,33727.55049
7640.557683,1198,33801.398012
5834.7639,1075,33867.852511
9553.88345,1198,33940.47989
8450.910099,1198,34013.56649
5666.208427,1198,34085.699912
2170.895883,426,34112.260494
5042.584048,964,34171.437355
10880.860206,1198,34243.243771
2887.361719,435,34269.855148
9631.347844,1198,34343.440208
10368.022234,1198,34416.175929
8658.356753,1198,34488.367471
7825.305106,1198,34561.424317
2563.586603,421,34588.442331
9867.02955,1198,34663.622512
10083.072018,1198,34738.236833
9568.382173,1198,34811.209284
9156.57101,1198,34883.785197
9847.987097,1198,34957.222293
8667.28943,1198,35029.440922
8660.463258,1198,35102.920315
8501.082034,1198,35174.971903
-35.896238,168,35185.398982
9067.212659,1198,35258.574408
5787.158931,1057,35323.554356
9840.896024,1198,35395.87449
1953.436487,222,35409.346517
8898.810639,1198,35481.69905
9772.231414,1198,35555.610144
9516.852707,1198,35628.208895
9948.946167,1198,35701.932442
8674.4231,1198,35775.38904
8429.896456,1198,35849.129676
9955.879175,1198,35923.486707
8248.28945,1198,35997.396768
9492.796253,1198,36071.942091
8801.676989,1198,36144.482211
918.711626,211,36158.006226
3884.865577,837,36210.169218
10973.632971,1198,36283.251006
8753.848648,1198,36357.327422
9842.320082,1198,36429.881303
2597.812569,643,36470.032365
9338.795511,1198,36543.559888
6661.226901,805,36592.466076
10680.361655,1198,36664.770321
8307.349959,1198,36738.653885
7096.091291,1075,36803.880887
5036.94608,1198,36874.842049
9876.803964,1198,36947.715463
8580.39358,1198,37020.198045
3096.495308,417,37045.023907
4872.100685,1174,37119.951623
7134.146912,846,37170.961293
1181.653175,164,37181.241702
9748.790756,1198,37254.078646
10745.699204,1198,37327.553088
2269.756576,533,37359.816731
10551.235541,1198,37433.397114
9610.793507,1198,37505.845748
9991.661463,1198,37580.475729
9101.153307,1198,37653.539629
9655.176593,1198,37727.532567
9704.226484,1198,37801.142105
4838.940201,776,37849.716696
8872.229658,1198,37924.430033
5596.270085,788,37972.899265
8614.441523,1198,38044.673137
8520.267538,1198,38117.205323
8390.487252,1198,38189.569137
7926.630857,1198,38263.027515
9065.529842,1198,38335.376151
8761.332392,1198,38409.232144
5490.232539,1000,38468.414343
10345.039047,1198,38543.272229
10331.566621,1198,38618.081508
10006.839642,1198,38691.684019
10486.912532,1198,38765.008733
9335.134155,1198,38837.950007
10613.533291,1198,38911.474507
8563.47499,1198,38984.38205
10162.17296,1198,39057.602349
5625.244778,714,39101.19904
6038.896871,813,39151.129327
3351.543654,674,39191.936829
4482.604104,861,39243.267189
10055.87668,1198,39316.515658
9910.12111,1198,39389.574886
7626.968497,911,39445.444333
9292.080681,1198,39516.896534
3179.400872,431,39542.862497
7913.362001,1198,39615.998901
10677.883787,1198,39689.553383
8856.530686,1198,39762.764054
5345.116765,1198,39837.143853
9799.202535,1198,39910.408276
991.559993,280,39928.211457
9589.644033,1198,40003.109907
10027.926624,1198,40075.821564
10399.437134,1198,40147.947766
10316.124636,1198,40221.021996
558.762225,111,40227.871515
1123.432012,497,40258.630902
10540.179133,1198,40333.585601
3789.623282,914,40391.101508
10752.434591,1198,40463.592578
3924.338083,505,40494.380979
9771.711737,1198,40567.312487
9352.958446,1198,40640.1363
5953.061961,904,40695.219461
8446.228253,1152,40765.656631
9751.126742,1198,40840.270756
5112.310355,941,40898.774735
1096.120391,163,40909.751023
4125.239716,785,40958.649355
6033.348432,917,41014.618495
8143.06872,1058,41078.753392
1116.542313,221,41093.11774
7328.174938,1141,41164.140023
9685.856523,1198,41237.066942
1490.686703,545,41273.192237
2008.994258,365,41295.887199
9950.072254,1198,41369.692007
2178.516768,474,41399.013967
8013.441581,1198,41471.742814
5842.194132,1015,41534.423784
10632.054115,1198,41608.238305
10740.105765,1198,41680.410987
9762.671862,1198,41754.906497
9233.18338,1198,41828.501422
10079.033429,1198,41900.864025
9085.975589,1198,41972.911842
10156.585375,1198,42044.783066
9201.626906,1198,42117.960871
8895.746398,1198,42190.649579
6268.377433,818,42239.34096
9316.702923,1198,42311.080394
6291.882334,821,42362.466137
8740.131733,1198,42435.939648
5028.647555,715,42479.051121
9765.22803,1198,42550.837229
10041.0401,1198,42624.507216
9790.500975,1198,42698.329585
9927.635698,1198,42772.45301
10061.887129,1198,42846.150689
2617.419346,480,42876.270973
9858.242248,1198,42949.319624
10167.761416,1198,43024.234215
9082.873617,1198,43096.588529
8957.318082,1198,43170.122575
10077.219895,1198,43242.696269
9222.212696,1198,43316.630486
10434.141459,1198,43388.970518
3984.335739,887,43440.549675
7340.204608,1198,43514.818425
10784.820657,1198,43586.764817
9843.815216,1198,43659.605112
10484.486778,1198,43732.165002
8510.532014,1129,43802.122916
11295.494842,1198,43875.586184
9595.038397,1198,43948.544304
9543.509038,1198,44021.448898
9118.488454,1198,44094.957685
7100.54535,897,44149.581785
9402.774457,1198,44224.541668
10960.958706,1198,44298.357675
9222.889948,1198,44373.166819
9840.830548,1198,44448.497476
10471.804976,1198,44520.396955
9092.978477,1198,44595.066677
350.458871,117,44602.08542
10279.737285,1198,44675.178178
9756.375678,1198,44749.112803
10072.260143,1198,44823.86065
9303.997778,1198,44895.773083
8268.272884,1198,44969.397493
8762.838134,1198,45044.465721
8721.951983,1198,45119.596007
9785.11986,1198,45193.062529
2369.858277,498,45224.965009
9124.387239,1198,45297.588685
11335.676795,1198,45372.020684
9348.844802,1198,45446.440719
10663.627984,1198,45519.022733
9029.234978,1198,45591.891151
10315.131257,1198,45665.680136
10851.326967,1198,45738.678241
10789.95935,1198,45811.44583
8325.132636,1198,45885.073516
10806.909344,1198,45958.009107
10132.873649,1198,46033.406633
9506.06659,1198,46106.473685
9509.399708,1198,46179.029297
9928.809234,1198,46253.63354
9465.96443,1198,46327.613312
8393.398163,1198,46403.055069
7878.230008,1198,46476.425419
9731.418042,1198,46550.704069
9646.368882,1198,46624.190763
9905.692789,1198,46697.872785
2857.026152,548,46731.060406
9083.805939,1198,46806.78613
9674.253797,1198,46880.04831
6122.649193,805,46930.571439
8720.062838,1198,47005.532542
7345.251599,963,47064.387332
10660.441679,1198,47138.261904
10295.094355,1198,47212.632813
9020.338039,1198,47285.753614
8312.521675,1198,47358.956945
9185.608228,1198,47431.225396
9026.234595,1198,47506.699838
7963.068291,932,47563.782328
10216.459197,1198,47637.512106
9500.878614,1198,47710.485763
8758.19567,1198,47783.299629
10645.311667,1198,47857.201744
8794.124019,1191,47931.115741
10028.886209,1198,48006.421267
9839.947849,1198,48079.599346
9775.876078,1198,48153.630616
8916.248589,1198,48226.781639
9102.151036,1198,48300.62112
10918.991789,1198,48373.396754
241.079853,131,48381.534113
11063.063777,1198,48454.608303
10756.832091,1198,48529.301858
10813.900318,1198,48603.241102
8653.590568,1198,48676.35182
1947.324419,219,48690.357226
9989.354411,1198,48764.28178
1472.999085,325,48784.077311
-1045.749203,284,48801.426649
9420.054887,1198,48875.763926
10378.929757,1198,48948.003552
9783.050936,1198,49022.558429
10789.654238,1198,49095.526025
6062.064186,1198,49168.998184
9737.528847,1198,49241.202681
9293.603333,1198,49313.937064
9240.963991,1198,49386.499704
9852.923673,1198,49459.697616
255.999496,176,49471.434717
10732.871829,1198,49543.670986
10242.108832,1198,49616.594904
10134.561211,1198,49690.575572
8513.877722,1198,49764.57643
1901.301828,441,49791.645179
969.429953,228,49805.65914
11916.992334,1198,49879.845751
10185.120431,1198,49954.296968
9858.296918,1198,50033.27062
9026.06176,1198,50112.465866
2889.879118,671,50154.603068
4594.349042,567,50188.423147
8435.245568,948,50247.530504
9571.80575,1198,50324.507965
9715.78837,1198,50405.86643
6054.30146,938,50469.235827
747.145574,123,50477.683853
10840.208093,1198,50555.878459
9255.54641,1198,50632.440628
10479.593346,1198,50706.821892
11530.494036,1198,50780.985209
10783.428916,1198,50857.620315
9110.231651,1198,50936.412017
10138.016789,1198,51011.471864
11317.506516,1198,51089.680518
8249.434117,1198,51164.974085
11562.267953,1198,51237.259129
9434.565144,1198,51309.652374
10288.529132,1198,51382.244092
2103.973833,315,51402.235163
2225.17836,372,51425.267254
11142.446702,1198,51500.932362
11012.631924,1198,51574.596141
10820.420683,1198,51647.716705
8869.709711,1198,51721.183802
9927.522189,1198,51793.783806
10216.672557,1198,51867.512524
9223.049933,1198,51941.084577
10577.18333,1198,52013.726866
9155.785248,1198,52087.078792
10119.312046,1198,52160.869865
10720.694578,1198,52235.176121
8844.550517,1198,52309.136203
10160.77505,1198,52382.457238
8829.442388,1198,52456.539816
9422.028586,1198,52531.253744
10530.186954,1198,52604.796913
9685.732723,1198,52677.740473
9119.698733,1198,52752.150255
-494.533451,403,52781.796227
11186.235429,1198,52854.574066
8696.380114,1198,52935.043179
10075.032133,1198,53008.900091
10207.225612,1198,53081.415546
10762.013073,1198,53154.63632
9956.814707,1198,53229.642608
8789.436026,1198,53305.508816
9571.628936,1198,53381.113816
237.852059,127,53389.803943
11496.248456,1198,53467.619099
9544.209689,1198,53543.654523
7011.77245,881,53599.022436
9112.793627,1198,53677.783592
-164.368967,174,53688.956134
6582.722176,830,53742.507643
7157.665766,862,53798.802963
10337.019652,1198,53874.722706
10762.045214,1198,53949.439959
9554.361458,1198,54024.377373
2774.519593,531,54058.321239
9441.844172,1198,54135.03214
9435.456376,1198,54213.925866
1999.196225,427,54242.913402
-972.402187,710,54295.663208
9776.190052,1198,54375.904186
11016.635035,1198,54452.616127
1254.918074,412,54478.735809
9323.841748,1198,54552.306112
12186.99973,1198,54626.519399
11289.475233,1198,54705.15859
9788.775474,1198,54783.560214
9363.778301,1198,54862.115493
6375.339922,734,54909.458117
10757.45184,1198,54986.843057
9181.632089,1198,55063.803883
8933.237483,1150,55134.828775
6832.179907,950,55194.223269
10240.14149,1198,55271.41908
10503.328166,1198,55344.044624
5024.226524,874,55402.522056
1706.660412,315,55420.895257
3406.075445,406,55445.379237
10279.574022,1198,55517.660515
9515.275367,1198,55590.219097
8654.345301,1081,55655.273084
9777.676043,1198,55729.511937
